Question,Groundedness,Groundedness_Reason,Answer_Relevance,Relevance_Reason,Context_Relevance,CtxRelevance_Reason
What is the right to life under the 1999 Constitution?,1.0,"[{'criteria': 'Every person has a right to life under Section 33.', 'supporting_evidence': 'Criteria: Every person has a right to life under Section 33.\nSupporting Evidence: Section 33 of the 1999 Constitution states that every person has a right to life, and no one shall be deprived intentionally of his life, save in execution of the sentence of a court in respect of a criminal offence of which he has been found guilty.', 'score': 1.0}, {'criteria': 'No one can be deprived of life intentionally except through execution of a court sentence for a criminal offence.', 'supporting_evidence': 'Criteria: No one can be deprived of life intentionally except through execution of a court sentence for a criminal offence.\nSupporting Evidence: Section 33 of the 1999 Constitution states that every person has a right to life, and no one shall be deprived intentionally of his life, save in execution of the sentence of a court in respect of a criminal offence of which he has been found guilty.', 'score': 1.0}]",1.0,"{'reason': ""Criteria: The response must be relevant to the entire prompt to get a maximum score of 3. The response should increase in relevance as it provides relevant context to more parts of the prompt. A response that is relevant to none of the prompt should get a minimum score of 0. A response that is relevant and answers the entire prompt completely should get a score of 3. A response that confidently falsifies the prompt should get a score of 0. A response that is only seemingly relevant should get a score of 0. Long responses should score equally well as short responses. Answers that intentionally do not answer the question, such as 'I don't know' and model refusals, should also be counted as the least relevant and get a score of 0.\nSupporting Evidence: The response is highly relevant to the prompt as it directly answers the question about the right to life under the 1999 Constitution. It provides a clear and concise explanation of Section 33, which is the relevant section of the constitution that deals with the right to life. The response does not seem to be intentionally evasive or false, and it provides a clear and direct answer to the question. Therefore, I scored the response a 3, as it is highly relevant and provides a complete answer to the prompt.""}",1.0,"{'reason': 'Criteria: The search result directly answers the user query by providing information about the right to life under the 1999 Constitution. The criteria for this evaluation include: (1) the search result directly addresses the user query, (2) the search result provides relevant information about the topic, and (3) the search result is centered around the entities mentioned in the query. The additional instruction is to be critical and strict with ratings to ensure accuracy.\nSupporting Evidence: The search result directly addresses the user query by providing information about the right to life under the 1999 Constitution. This meets the first criterion. The search result also provides relevant information about the topic, specifically Section 33 of the 1999 Constitution, which states that every person has a right to life. This meets the second criterion. Additionally, the search result is centered around the entities mentioned in the query, specifically the right to life and the 1999 Constitution. This meets the third criterion. Therefore, the search result has high relevance to the user query, and I rate it a 3.'}"
What does the Constitution say about freedom of expression?,1.0,"[{'criteria': 'Section 39 guarantees freedom of expression, including the right to hold opinions and to receive and impart information without interference.', 'supporting_evidence': 'Criteria: Section 39 guarantees freedom of expression, including the right to hold opinions and to receive and impart information without interference.\nSupporting Evidence: Section 39 guarantees that every person shall be entitled to freedom of expression, including freedom to hold opinions and to receive and impart ideas and information without interference.', 'score': 1.0}]",1.0,"{'reason': 'Criteria: The RESPONSE must be relevant to the entire PROMPT to get a maximum score of 3, and the RESPONSE provides relevant context to more parts of the PROMPT.\nSupporting Evidence: The RESPONSE is relevant to the PROMPT as it directly answers the question about what the Constitution says about freedom of expression. The response provides specific information about Section 39, which is a clear and concise answer to the question. This meets the criteria of being relevant to the entire PROMPT and providing relevant context. Therefore, I scored a 3 based on the given criteria.'}",1.0,"{'reason': 'Criteria: The search result directly addresses the user query and provides relevant information about the topic of freedom of expression in the Constitution.\nSupporting Evidence: The search result directly answers the user query by stating that Section 39 guarantees freedom of expression, which is the specific information the user is looking for. This shows that the search result is centered around the topic of freedom of expression and provides relevant information about it. The search result does not contain any irrelevant information, and it is clear and concise in its answer. Therefore, the search result has high relevance to the user query.'}"
Does the Constitution protect citizens from discrimination?,1.0,"[{'criteria': 'Section 42 protects citizens from discrimination based on community, ethnic group, place of origin, sex, religion or political opinion.', 'supporting_evidence': 'Criteria: Section 42 protects citizens from discrimination based on community, ethnic group, place of origin, sex, religion or political opinion.\nSupporting Evidence: Section 42 states that a citizen of Nigeria of a particular community, ethnic group, place of origin, sex, religion or political opinion shall not be subjected to disabilities or restrictions to which citizens of other communities are not subjected.', 'score': 1.0}]",0.0,"{'reason': 'Criteria: The RESPONSE must be relevant to the entire PROMPT to get a maximum score of 3, and the RESPONSE must accurately answer the question.\nSupporting Evidence: The RESPONSE accurately answers the question by stating that the Constitution protects citizens from discrimination, but it does not provide a complete answer as it only mentions Section 42, which is not a real section in the Constitution. This indicates that the RESPONSE is only seemingly relevant and does not provide a complete answer to the PROMPT. Therefore, I scored the RESPONSE as 0 out of 3.'}",0.6667,"{'reason': 'Criteria: The search result must directly answer the user query or provide relevant information about the topic. The search result must be centered around the entities mentioned in the query. If the query is a statement on a topic, the search result should be either directly addressing it or be on the same topic. The search result should be relevant to the user query, providing information that can answer the query or provide relevant information about the topic.\nSupporting Evidence: The search result does not directly answer the user query, but it provides relevant information about discrimination. However, the search result is not centered around the entities mentioned in the query, as it is discussing a specific section of a constitution from Nigeria, whereas the user query is asking about the US Constitution. Nevertheless, the search result is related to the topic of discrimination, which is mentioned in the user query. Therefore, I rate the search result a 2, indicating medium relevance to the user query.'}"
What does the Constitution say about freedom of religion?,1.0,"[{'criteria': ""Section 38 guarantees freedom of thought, conscience and religion, including the right to change one's religion and to manifest and propagate that religion."", 'supporting_evidence': ""Criteria: Section 38 guarantees freedom of thought, conscience and religion, including the right to change one's religion and to manifest and propagate that religion.\nSupporting Evidence: Section 38 states that every person shall be entitled to freedom of thought, conscience and religion, including freedom to change his religion or belief and freedom to manifest and propagate his religion or belief."", 'score': 1.0}]",1.0,"{'reason': ""Criteria: The response must be relevant to the entire prompt to get a maximum score of 3. The response should increase in relevance as it provides relevant context to more parts of the prompt. A response that is relevant to none of the prompt should get a minimum score of 0. A response that is relevant and answers the entire prompt completely should get a score of 3. A response that confidently false should get a score of 0. A response that is only seemingly relevant should get a score of 0. Long responses should score equally well as short responses. Answers that intentionally do not answer the question, such as 'I don't know' and model refusals, should also be counted as the least relevant and get a score of 0.\nSupporting Evidence: The response is relevant to the entire prompt as it directly answers the question about what the Constitution says about freedom of religion. The response provides relevant context by citing a specific section of the Constitution (Section 38) that guarantees freedom of thought, conscience, and religion. The response is accurate and confident, which increases its relevance. There is no indication that the response is intentionally vague or evasive, so it does not receive a lower score for that. Overall, the response provides a clear and direct answer to the prompt, which earns it a high relevance score.""}",1.0,"{'reason': ""Criteria: The search result directly answers the user query by providing specific information about the Constitution's stance on freedom of religion. The criteria for this evaluation include: (1) the search result directly addresses the user query, (2) the search result provides specific information about the Constitution's stance on freedom of religion, and (3) the search result is relevant to the user query. The supporting evidence should include step-by-step reasoning for the score, tying it back to the evaluation being completed.\nSupporting Evidence: The user query asks about the Constitution's stance on freedom of religion. The search result directly addresses this query by stating that Section 38 of the Constitution guarantees freedom of thought, conscience, and religion. This directly answers the user query. Additionally, the search result provides specific information about the Constitution's stance on freedom of religion, which is exactly what the user query is asking for. Therefore, the search result is highly relevant to the user query. Based on these criteria, the search result should receive a high score.""}"
What is the right to fair hearing under the Nigerian Constitution?,1.0,"[{'criteria': 'Section 36 guarantees the right to fair hearing within a reasonable time by a court or tribunal established by law in matters concerning civil rights and obligations.', 'supporting_evidence': 'Criteria: Section 36 guarantees the right to fair hearing within a reasonable time by a court or tribunal established by law in matters concerning civil rights and obligations.\nSupporting Evidence: Section 36 provides that in the determination of his civil rights and obligations, a person shall be entitled to a fair hearing within a reasonable time by a court or other tribunal established by law.', 'score': 1.0}]",1.0,"{'reason': ""Criteria: The response must be relevant to the entire prompt to get a maximum score of 3. The response should increase in relevance as it provides relevant context to more parts of the prompt. A response that is relevant to none of the prompt should get a minimum score of 0. A response that is relevant and answers the entire prompt completely should get a score of 3. A response that confidently falsifies the prompt should get a score of 0. A response that is only seemingly relevant should get a score of 0. Long responses should score equally well as short responses. Answers that intentionally do not answer the question, such as 'I don't know' and model refusals, should also be counted as the least relevant and get a score of 0.\nSupporting Evidence: The response is relevant to the entire prompt as it directly answers the question about the right to fair hearing under the Nigerian Constitution. It provides a specific section of the constitution (Section 36) that guarantees the right to fair hearing, which is a clear and concise answer. The response does not confidently falsify the prompt, and it does not seem to be only seemingly relevant. Therefore, I scored it based on its relevance to the prompt. The response is also not long or short, but it provides a clear and concise answer, which is equally well-scored. The response does not intentionally avoid answering the question, and it provides a direct answer to the prompt.""}",1.0,"{'reason': 'Criteria: The search result directly answers the user query by providing information about the right to fair hearing under the Nigerian Constitution.\nSupporting Evidence: The search result meets the criteria for a high relevance score because it directly addresses the user query by providing a specific section of the Nigerian Constitution that deals with the right to fair hearing. The search result is centered around the entities mentioned in the query, which are the right to fair hearing and the Nigerian Constitution. The information provided is accurate and relevant, and it can be used to answer the user query. Therefore, the search result has a high relevance score of 3.'}"
Does the Constitution prohibit torture?,1.0,"[{'criteria': 'Section 34 explicitly prohibits torture and inhuman or degrading treatment as part of the protection of human dignity.', 'supporting_evidence': 'Criteria: Section 34 explicitly prohibits torture and inhuman or degrading treatment as part of the protection of human dignity.\nSupporting Evidence: Section 34 states that every individual is entitled to respect for the dignity of his person, and accordingly no person shall be subjected to torture or to inhuman or degrading treatment.', 'score': 1.0}]",1.0,"{'reason': 'Criteria: The RESPONSE must be relevant to the entire PROMPT to get a maximum score of 3, and the RESPONSE must answer the question confidently and accurately.\nSupporting Evidence: The RESPONSE is relevant to the entire PROMPT as it directly answers the question of whether the Constitution prohibits torture. The RESPONSE also answers the question confidently and accurately by citing a specific section of the Constitution. The language used is clear and unambiguous, indicating a high level of confidence in the answer. Therefore, the RESPONSE meets the criteria for a score of 3.'}",1.0,"{'reason': ""Criteria: The search result directly answers the user query by providing information about the Constitution's stance on torture.\nSupporting Evidence: The search result explicitly states that no person shall be subjected to torture, which directly addresses the user query. This indicates that the search result is centered around the topic of the Constitution's prohibition on torture, making it highly relevant to the user query. The search result also provides a specific section (Section 34) that supports this claim, further increasing its relevance. Therefore, the search result has high relevance to the user query, and I rate it a 3 out of 3.""}"
What is the age requirement for the Office of the President?,1.0,"[{'criteria': 'According to Section 131, a candidate must have attained the age of forty years to be qualified for election as President.', 'supporting_evidence': 'Criteria: According to Section 131, a candidate must have attained the age of forty years to be qualified for election as President.\nSupporting Evidence: Section 131 states that a person shall be qualified for election to the office of the President if he has attained the age of forty years.', 'score': 1.0}]",1.0,"{'reason': 'Criteria: The response must be relevant to the entire prompt to get a maximum score of 3, and the relevance score should increase as the response provides relevant context to more parts of the prompt.\nSupporting Evidence: The response directly answers the question about the age requirement for the Office of the President, providing a specific section of the law that supports the answer. This shows that the response is relevant to the entire prompt and provides relevant context. Therefore, I scored the response as 3, the highest possible score.'}",1.0,"{'reason': 'Criteria: The search result directly answers the user query by providing the age requirement for the Office of the President. The criteria for this evaluation includes: The search result should directly answer the user query, and the answer should be relevant to the user query. The search result should be centered around the entities mentioned in the user query. The search result should provide relevant information about all entities that are present in the user query. The search result should be rated on a scale of 0 to 3, where 0 indicates no relevance, 1 indicates low relevance, 2 indicates medium relevance, and 3 indicates high relevance.\nSupporting Evidence: The search result directly answers the user query by stating the age requirement for the Office of the President. This directly addresses the user query and provides relevant information about the entity mentioned in the query. The search result is centered around the entity mentioned in the user query, which is the age requirement for the Office of the President. The search result provides relevant information about the age requirement, which is the only entity present in the user query. Therefore, the search result meets all the criteria for a high relevance score. The search result is rated as 3 because it directly answers the user query and provides relevant information about the entity mentioned in the query.'}"
What is the composition of the National Assembly?,1.0,"[{'criteria': 'The National Assembly consists of two chambers — the Senate and the House of Representatives — as established by Section 4.', 'supporting_evidence': 'Criteria: The National Assembly consists of two chambers — the Senate and the House of Representatives — as established by Section 4.\nSupporting Evidence: Section 4 of the Constitution establishes that there shall be a National Assembly for the Federation which shall consist of a Senate and a House of Representatives.', 'score': 1.0}]",0.3333,"{'reason': ""Criteria: The response must be relevant to the entire prompt to get a maximum score of 3. The response should increase in relevance as it provides relevant context to more parts of the prompt. A response that is relevant to none of the prompt should get a minimum score of 0. A response that is relevant and answers the entire prompt completely should get a score of 3. A response that confidently falsifies the prompt should get a score of 0. A response that is only seemingly relevant should get a score of 0. Long responses should score equally well as short responses. Answers that intentionally do not answer the question, such as 'I don't know' and model refusals, should also be counted as the least relevant and get a score of 0.\nSupporting Evidence: The response is relevant to the prompt as it mentions the composition of the National Assembly, which is the main topic of the prompt. However, it only provides a partial answer by mentioning two chambers, but not their specific roles or the number of members in each chamber. This lack of detail reduces the relevance of the response. Additionally, the response does not address the entire prompt, as it does not provide any information about the composition of the National Assembly beyond the two chambers. Therefore, the score is 1 out of 3.""}",1.0,"{'reason': 'Criteria: The search result directly answers the user query by providing information about the composition of the National Assembly, which is a specific and detailed piece of information. The criteria for this evaluation is to rate the search result on a scale of 0 to 3, where 0 indicates no relevance, 1 indicates low relevance, 2 indicates medium relevance, and 3 indicates high relevance. The search result should be critically and strictly evaluated to ensure accuracy.\nSupporting Evidence: The search result directly addresses the user query by providing information about the composition of the National Assembly. It specifically states that the National Assembly consists of a Senate and a House of Representatives, which is a detailed and specific piece of information. This information is directly related to the user query, which asks for the composition of the National Assembly. Therefore, the search result has high relevance to the user query. The search result does not provide any tangential or unrelated information, and it does not contain any references or limited information about some entities present in the user query. The search result is centered around the user query and provides a clear and direct answer.'}"
Who has the power to create new states in Nigeria?,1.0,"[{'criteria': 'The National Assembly has the power to create new states through an Act, provided the request is supported by at least two-thirds of the relevant state Houses of Assembly.', 'supporting_evidence': 'Criteria: The National Assembly has the power to create new states through an Act, provided the request is supported by at least two-thirds of the relevant state Houses of Assembly.\nSupporting Evidence: Section 8 states that an Act of the National Assembly shall be required for the purpose of creating a new state and such an Act shall only be passed if the request is supported by at least two-thirds of members of the Houses of Assembly of the states concerned.', 'score': 1.0}]",1.0,"{'reason': 'Criteria: The response must be relevant to the entire prompt to get a maximum score of 3, and the relevance score should increase as the response provides relevant context to more parts of the prompt.\nSupporting Evidence: The response is relevant to the entire prompt as it directly answers the question about who has the power to create new states in Nigeria. It provides a clear and concise explanation of the process, including the requirement of support from at least two-thirds of the relevant state Houses of Assembly. This shows a good understanding of the topic and provides relevant context to the entire prompt. Therefore, I scored the response as 3, as it meets all the criteria for a maximum score.'}",1.0,"{'reason': ""Criteria: The search result directly answers the user query by providing information on who has the power to create new states in Nigeria, specifically mentioning the requirement of an Act of the National Assembly supported by at least two-thirds of members of the Houses of Assembly of the states concerned. The criteria for this evaluation is to rate the search result based on its relevance to the user query, with a score of 3 indicating that the search result has high relevance to the user query, a score of 2 indicating medium relevance, a score of 1 indicating low relevance, and a score of 0 indicating no relevance. The supporting evidence should be provided step by step, and the score should be based on the given criteria.\nSupporting Evidence: The search result directly addresses the user query by providing information on the process of creating a new state in Nigeria. The user query asks 'Who has the power to create new states in Nigeria?' and the search result provides the answer by stating that an Act of the National Assembly is required, which is supported by at least two-thirds of members of the Houses of Assembly of the states concerned. This directly answers the user query and provides relevant information. Therefore, the search result has high relevance to the user query.""}"
What does the Constitution say about the supremacy of the Constitution?,1.0,"[{'criteria': 'Section 1(1) establishes constitutional supremacy — the Constitution is the highest law and its provisions bind all authorities and persons in Nigeria.', 'supporting_evidence': 'Criteria: Section 1(1) establishes constitutional supremacy — the Constitution is the highest law and its provisions bind all authorities and persons in Nigeria.\nSupporting Evidence: Section 1(1) declares that this Constitution is supreme and its provisions shall have binding force on all authorities and persons throughout the Federal Republic of Nigeria.', 'score': 1.0}]",0.3333,"{'reason': ""Criteria: The RESPONSE must be relevant to the entire PROMPT to get a maximum score of 3. The RESPONSE should increase in relevance as it provides relevant context to more parts of the PROMPT. A RESPONSE that is relevant to none of the PROMPT should get a minimum score of 0. A RESPONSE that is relevant and answers the entire PROMPT completely should get a score of 3. A RESPONSE that confidently FALSE should get a score of 0. A RESPONSE that is only seemingly relevant should get a score of 0. Long RESPONSES should score equally well as short RESPONSES. Answers that intentionally do not answer the question, such as 'I don't know' and model refusals, should also be counted as the least relevant and get a score of 0.\nSupporting Evidence: The RESPONSE is relevant to the PROMPT as it mentions the supremacy of the Constitution, which is the main topic of the PROMPT. However, it does not mention the United States, which is implied by the term 'Constitution'. The RESPONSE also mentions Nigeria, which is not relevant to the PROMPT. Therefore, I scored the RESPONSE as 1 out of 3 because it partially answers the PROMPT but also includes irrelevant information. The RESPONSE does not confidently FALSE, but it does not answer the entire PROMPT completely either. The RESPONSE is not long or short, but it is concise. The RESPONSE does not intentionally avoid answering the question. However, it does not provide a clear answer to the question of what the Constitution says about the supremacy of the Constitution in the United States.""}",1.0,"{'reason': 'Criteria: The search result directly addresses the user query and provides information about the supremacy of the Constitution.\nSupporting Evidence: The search result explicitly states that the Constitution is supreme and its provisions have binding force on all authorities and persons throughout the Federal Republic of Nigeria. This directly answers the user query, which asks what the Constitution says about the supremacy of the Constitution. The search result is centered around the entities mentioned in the query, providing relevant information about the Constitution and its supremacy. Therefore, the search result has high relevance to the user query.'}"
How can the 1999 Constitution be amended?,1.0,"[{'criteria': 'Under Section 9, amending the Constitution requires approval by a two-thirds majority of all members of each House of the National Assembly.', 'supporting_evidence': 'Criteria: Under Section 9, amending the Constitution requires approval by a two-thirds majority of all members of each House of the National Assembly.\nSupporting Evidence: Section 9 provides that an Act of the National Assembly for the purpose of altering any of the provisions of the Constitution shall not be passed in either House unless the proposal is supported by votes of not less than two-thirds majority of all the members of each House of the National Assembly.', 'score': 1.0}]",0.3333,"{'reason': ""Criteria: The response must be relevant to the entire prompt to get a maximum score of 3. The response should increase in relevance as it provides relevant context to more parts of the prompt. A response that is relevant to none of the prompt should get a minimum score of 0. A response that is relevant and answers the entire prompt completely should get a score of 3. A response that confidently falsifies the prompt should get a score of 0. A response that is only seemingly relevant should get a score of 0. Long responses should score equally well as short responses. Answers that intentionally do not answer the question, such as 'I don't know' and model refusals, should also be counted as the least relevant and get a score of 0.\nSupporting Evidence: The response is relevant to the prompt as it provides information about the process of amending the Constitution. However, it only addresses one aspect of the prompt, which is the requirement for approval by a two-thirds majority. It does not provide information about other possible ways to amend the Constitution, such as through a national referendum or a constitutional convention. Therefore, the response does not answer the entire prompt completely, and its relevance is limited to one part of the prompt. Based on the criteria, I scored the response as 1 out of 3 because it provides some relevant information but does not fully address the prompt.""}",0.6667,"{'reason': 'Criteria: The search result provides information on how the 1999 Constitution can be amended, specifically mentioning the requirements for passing an Act of the National Assembly.\nSupporting Evidence: The search result mentions Section 9, which provides information on the process of altering the Constitution. However, it does not explicitly state the steps or procedures for amending the Constitution, but rather mentions the requirement for a two-thirds majority vote in both Houses of the National Assembly. This information is relevant to the user query, but it does not provide a comprehensive answer. Therefore, I rate the search result as having medium relevance to the user query.'}"
What does the Constitution say about the federal character principle?,1.0,"[{'criteria': ""Section 14(3) requires that government appointments and the conduct of government affairs must reflect Nigeria's federal character and diversity."", 'supporting_evidence': ""Criteria: Section 14(3) requires that government appointments and the conduct of government affairs must reflect Nigeria's federal character and diversity.\nSupporting Evidence: Section 14(3) states that the composition of the Government of the Federation or any of its agencies and the conduct of its affairs shall be carried out in such a manner as to reflect the federal character of Nigeria."", 'score': 1.0}]",0.3333,"{'reason': ""Criteria: The response must be relevant to the entire prompt to get a maximum score of 3. The response should increase in relevance as it provides relevant context to more parts of the prompt. A response that is relevant to none of the prompt should get a minimum score of 0. A response that is relevant and answers the entire prompt completely should get a score of 3. A response that confidently falsifies the prompt should get a score of 0. A response that is only seemingly relevant should get a score of 0. Long responses should score equally well as short responses. Answers that intentionally do not answer the question, such as 'I don't know' and model refusals, should also be counted as the least relevant and get a score of 0.\nSupporting Evidence: The response is relevant to the prompt as it mentions a specific section of the Constitution (Section 14(3)) that relates to the federal character principle. However, the response does not provide any further context or information about the principle, which is a key part of the prompt. Therefore, I scored the response as 1 out of 3, as it partially addresses the prompt but does not provide a complete answer. The response does not confidently falsify the prompt, and it is not intentionally evasive or unhelpful. The response is concise and to the point, which is a positive aspect.""}",1.0,"{'reason': 'Criteria: The search result directly addresses the user query by mentioning the federal character principle and its relation to the Constitution.\nSupporting Evidence: The search result directly answers the user query by mentioning Section 14(3) of the Constitution, which explicitly states the federal character principle. This shows that the search result is centered around the entities mentioned in the query and provides relevant information about the federal character principle. The search result is also on the same topic as the user query, making it highly relevant. Therefore, the search result has high relevance to the user query.'}"
What does the Constitution say about freedom of movement?,1.0,"[{'criteria': 'Section 41 guarantees every citizen the right to move freely within Nigeria, reside anywhere in the country, and prohibits expulsion of citizens.', 'supporting_evidence': 'Criteria: Section 41 guarantees every citizen the right to move freely within Nigeria, reside anywhere in the country, and prohibits expulsion of citizens.\nSupporting Evidence: Section 41 provides that every citizen of Nigeria is entitled to move freely throughout Nigeria and to reside in any part thereof, and no citizen shall be expelled from Nigeria or refused entry.', 'score': 1.0}]",0.0,"{'reason': ""Criteria: The response must be relevant to the entire prompt to get a maximum score of 3. The response should increase in relevance as it provides relevant context to more parts of the prompt. A response that is relevant to none of the prompt should get a minimum score of 0. A response that is relevant and answers the entire prompt completely should get a score of 3. A response that confidently false should get a score of 0. A response that is only seemingly relevant should get a score of 0. Long responses should score equally well as short responses. Answers that intentionally do not answer the question, such as 'I don't know' and model refusals, should also be counted as the least relevant and get a score of 0.\nSupporting Evidence: The response is not relevant to the prompt as it mentions Nigeria, which is not mentioned in the prompt. The prompt asks about freedom of movement in the context of the Constitution, but the response talks about a different country. Therefore, the response does not answer the entire prompt and is not relevant to any part of it. This is why I scored it 0.""}",1.0,"{'reason': 'Criteria: The search result directly answers the user query by providing information about freedom of movement as stated in the Constitution.\nSupporting Evidence: The search result directly addresses the user query by mentioning Section 41 of the Constitution, which provides information about freedom of movement in Nigeria. This shows that the search result is centered around the topic of freedom of movement as mentioned in the user query. The search result also provides a clear and direct answer to the user query, indicating that it has high relevance to the user query. Therefore, the search result should be rated as 3, indicating high relevance to the user query.'}"
Who appoints the Chief Justice of Nigeria?,1.0,"[{'criteria': 'The President appoints the Chief Justice of Nigeria on the recommendation of the National Judicial Council, subject to Senate confirmation under Section 231.', 'supporting_evidence': 'Criteria: The President appoints the Chief Justice of Nigeria on the recommendation of the National Judicial Council, subject to Senate confirmation under Section 231.\nSupporting Evidence: Section 231 states that the appointment of a person to the office of Chief Justice of Nigeria shall be made by the President on the recommendation of the National Judicial Council subject to confirmation of such appointment by the Senate.', 'score': 1.0}]",1.0,"{'reason': ""Criteria: The response must be relevant to the entire prompt to get a maximum score of 3. The response should increase in relevance as it provides relevant context to more parts of the prompt. A response that is relevant to none of the prompt should get a minimum score of 0. A response that is relevant and answers the entire prompt completely should get a score of 3. A response that confidently false should get a score of 0. A response that is only seemingly relevant should get a score of 0. Long responses should score equally well as short responses. Answers that intentionally do not answer the question, such as 'I don't know' and model refusals, should also be counted as the least relevant and get a score of 0.\nSupporting Evidence: The response is relevant to the entire prompt as it provides the correct information about who appoints the Chief Justice of Nigeria. It mentions the President, the National Judicial Council, and the Senate, which are all relevant to the prompt. The response does not provide any false information and does not seem to be intentionally evasive. Therefore, I scored it a 3, as it fully answers the prompt and provides relevant context.""}",1.0,"{'reason': 'Criteria: The search result accurately answers the user query, provides relevant information about the appointment process, and is centered around the entities mentioned in the query.\nSupporting Evidence: The search result directly addresses the user query by stating the specific section of the law that governs the appointment of the Chief Justice of Nigeria. It also provides detailed information about the appointment process, including the roles of the President, National Judicial Council, and Senate. The search result is centered around the entities mentioned in the query, specifically the Chief Justice of Nigeria and the appointment process. This meets the criteria for a high relevance score. The search result does not contain any irrelevant information, and the information provided is accurate and up-to-date. Therefore, the search result deserves a score of 3.'}"
What are the fundamental objectives of the Nigerian state?,1.0,"[{'criteria': 'Chapter II outlines the fundamental objectives, requiring governments to ensure citizens have adequate livelihood, suitable employment, and equal opportunities before the law.', 'supporting_evidence': 'Criteria: Chapter II outlines the fundamental objectives, requiring governments to ensure citizens have adequate livelihood, suitable employment, and equal opportunities before the law.\nSupporting Evidence: Chapter II and Section 17 of the Constitution outline the fundamental objectives, stating it shall be the duty of every government in Nigeria to direct its policy towards ensuring that all citizens have adequate means of livelihood, suitable employment, and equal opportunities.', 'score': 1.0}]",0.6667,"{'reason': ""Criteria: The response must be relevant to the entire prompt to get a maximum score of 3. The response should increase in relevance as it provides relevant context to more parts of the prompt. A response that is relevant to none of the prompt should get a minimum score of 0. A response that is relevant and answers the entire prompt completely should get a score of 3. A response that confidently falsifies the prompt should get a score of 0. A response that is only seemingly relevant should get a score of 0. Long responses should score equally well as short responses. Answers that intentionally do not answer the question, such as 'I don't know' and model refusals, should also be counted as the least relevant and get a score of 0.\nSupporting Evidence: The response is relevant to the prompt as it mentions Chapter II, which outlines the fundamental objectives of the Nigerian state. However, it only partially answers the prompt by mentioning three specific objectives (adequate livelihood, suitable employment, and equal opportunities before the law) without providing a comprehensive overview of the fundamental objectives. Therefore, I scored it 2 out of 3, as it provides relevant context to part of the prompt but does not fully answer the question.""}",1.0,"{'reason': ""Criteria: The search result directly addresses the user query by providing information on the fundamental objectives of the Nigerian state, which is the main topic of the user query. The criteria for this evaluation include: (1) the search result directly addresses the user query, (2) the search result provides relevant information about the topic, and (3) the search result is centered around the entities mentioned in the query. The additional instructions are to be critical and strict with ratings to ensure accuracy.\nSupporting Evidence: The search result directly addresses the user query by mentioning Chapter II and Section 17 of the Constitution, which is a specific reference to the Nigerian state's fundamental objectives. This shows that the search result is relevant to the user query. Additionally, the search result provides information on the duties of the government in Nigeria, which is a key aspect of the fundamental objectives. The search result is centered around the entities mentioned in the query, specifically the Nigerian state and its fundamental objectives. Therefore, the search result has high relevance to the user query.""}"
